{
    "model_type": "Decision Tree Regressor",
    "numeric_feature_count": 34,
    "training_rows": 96013,
    "testing_rows": 24135,
    "wind_model": {
        "mae": 1439.8376257543803,
        "rmse": 4263.96562883288,
        "r2_score": 0.8468879357404657,
        "best_params": {
            "max_depth": 10,
            "min_samples_leaf": 1
        }
    },
    "solar_model": {
        "mae": 0.49633351527345937,
        "rmse": 0.9639150111429747,
        "r2_score": 0.7843047011503799,
        "best_params": {
            "max_depth": 10,
            "min_samples_leaf": 30
        }
    }
}